MoleculeId,PredictedProbability
1,0.791844
2,0.454910
3,0.105710
4,0.650486
5,0.099296
6,0.007281
7,0.812511
8,0.812532
9,0.812533
10,0.044047
11,0.784081
12,0.454134
13,0.506604
14,0.697775
15,0.600394
16,0.678527
17,0.812531
18,0.313018
19,0.565315
20,0.331081
21,0.812534
22,0.598706
23,-0.016860
24,0.340759
25,0.215723
26,0.812534
27,0.812534
28,0.454916
29,0.812534
30,0.454915
31,0.340757
32,0.607320
33,0.099283
34,0.454915
35,0.811915
36,0.808395
37,0.340626
38,0.350286
39,0.788172
40,0.812497
41,0.812534
42,-0.016310
43,0.340759
44,0.509522
45,0.782257
46,0.812534
47,0.340775
48,0.771664
49,-0.007225
50,0.494023
51,0.812512
52,0.454944
53,0.099311
54,0.812534
55,0.779811
56,0.802819
57,0.289414
58,0.102292
59,0.812528
60,0.812534
61,-0.009859
62,0.714043
63,0.812516
64,0.359323
65,-0.013157
66,-0.016944
67,0.812529
68,0.801662
69,0.032315
70,0.812389
71,0.340644
72,0.340759
73,0.799566
74,0.454915
75,0.812534
76,0.812411
77,0.644767
78,0.812507
79,0.812534
80,0.099253
81,0.812534
82,0.262467
83,0.812524
84,0.812534
85,0.812534
86,0.775145
87,0.391295
88,0.143241
89,0.812523
90,0.454795
91,0.812534
92,0.812534
93,0.812534
94,0.282569
95,0.812534
96,-0.258365
97,0.340971
98,0.465329
99,0.618215
100,-0.016242
101,0.099949
102,0.781240
103,0.812534
104,0.812534
105,-0.016755
106,0.812534
107,0.812526
108,0.812534
109,0.101880
110,0.340660
111,0.341138
112,0.133658
113,0.339202
114,0.768055
115,0.481212
116,0.812533
117,0.753814
118,0.353898
119,0.407851
120,0.812534
121,0.454966
122,0.454915
123,0.812533
124,-0.011125
125,0.812523
126,0.341968
127,0.812534
128,0.340497
129,0.760741
130,0.812534
131,0.454915
132,0.812534
133,0.812532
134,0.812534
135,0.443868
136,-0.016857
137,-0.016858
138,0.340685
139,0.803033
140,0.454655
141,0.812534
142,0.629453
143,0.812534
144,0.812496
145,0.618203
146,0.340752
147,0.454915
148,0.791129
149,0.463582
150,0.150420
151,-0.180142
152,0.812534
153,0.812534
154,0.704025
155,0.800629
156,0.808085
157,0.812469
158,0.461554
159,0.493106
160,0.257836
161,0.082441
162,0.099253
163,0.340791
164,0.086757
165,0.340758
166,0.382118
167,0.099253
168,0.373240
169,0.812458
170,0.017359
171,0.812534
172,0.811954
173,0.812533
174,0.454915
175,0.812534
176,0.722729
177,0.340757
178,-0.016344
179,0.104739
180,0.342675
181,0.453187
182,0.804294
183,0.201489
184,0.616529
185,0.812486
186,0.486057
187,0.812534
188,0.340763
189,0.306771
190,0.169897
191,0.812284
192,0.812508
193,0.811047
194,0.619850
195,0.454917
196,0.102778
197,0.812534
198,0.768803
199,0.812534
200,0.461055
201,0.812534
202,0.099284
203,0.340842
204,0.812534
205,0.810882
206,0.329298
207,-0.017883
208,-0.011855
209,0.812528
210,0.570769
211,0.454916
212,0.785115
213,0.455497
214,0.346482
215,0.810011
216,0.469974
217,0.571100
218,0.340671
219,0.811982
220,0.811772
221,0.116850
222,0.348924
223,0.812525
224,0.811634
225,0.812186
226,0.340759
227,0.524474
228,0.006427
229,0.812489
230,0.778800
231,0.103476
232,0.812307
233,0.338839
234,0.812520
235,0.540487
236,0.802398
237,0.454915
238,-0.015210
239,0.340891
240,-0.016848
241,0.812520
242,0.340984
243,0.345220
244,-0.044812
245,0.337040
246,0.340716
247,-0.016427
248,0.812508
249,0.812310
250,-0.016076
251,0.617328
252,0.099290
253,0.204576
254,0.457688
255,0.455074
256,0.317957
257,0.341488
258,0.557979
259,0.812534
260,0.812534
261,0.812534
262,0.812534
263,0.812534
264,0.794775
265,0.340759
266,0.454928
267,-0.019577
268,-0.016800
269,0.812534
270,0.452175
271,0.812534
272,0.812531
273,0.006987
274,-0.016362
275,0.812534
276,0.318157
277,0.812534
278,0.572267
279,0.340744
280,0.530041
281,0.812534
282,0.649274
283,0.709685
284,0.812532
285,0.672809
286,0.211798
287,0.764567
288,0.318347
289,0.169893
290,0.812528
291,0.796890
292,0.812533
293,0.805980
294,0.760120
295,0.812534
296,0.342321
297,0.812534
298,0.792881
299,0.099254
300,0.454915
301,0.812534
302,0.493051
303,0.739635
304,0.812534
305,0.808146
306,0.454915
307,0.464617
308,0.361703
309,-0.016828
310,0.812534
311,0.089328
312,0.812534
313,0.341020
314,-0.016308
315,0.812534
316,0.812534
317,0.455711
318,0.747878
319,0.809223
320,0.812534
321,0.812534
322,0.060873
323,0.334069
324,0.455776
325,0.791563
326,0.177036
327,0.812526
328,0.812534
329,0.812534
330,0.484659
331,-0.016831
332,0.812486
333,0.340585
334,0.812459
335,0.340758
336,0.812198
337,0.812527
338,0.812068
339,0.457672
340,0.450054
341,0.812532
342,0.344552
343,0.812533
344,-0.016773
345,0.812534
346,0.454920
347,0.812534
348,0.811763
349,0.107143
350,0.723645
351,0.460934
352,0.341266
353,-0.016379
354,0.103069
355,0.454929
356,0.812494
357,0.304347
358,-0.016216
359,0.812534
360,0.812529
361,0.190706
362,0.781286
363,0.457346
364,0.812534
365,0.764091
366,0.812534
367,-0.016851
368,0.812534
369,-0.016860
370,0.812460
371,0.801339
372,0.180289
373,0.781695
374,0.812053
375,0.734432
376,0.099240
377,0.787803
378,0.810849
379,0.812531
380,0.584068
381,0.101248
382,0.811988
383,0.811915
384,0.336644
385,0.811978
386,0.811791
387,-0.016860
388,0.808869
389,0.465176
390,0.807797
391,0.812534
392,0.812534
393,0.397828
394,0.335904
395,0.799038
396,0.812516
397,0.100444
398,0.334554
399,0.454911
400,0.459252
401,0.812534
402,0.803578
403,0.812529
404,0.454915
405,-0.009227
406,0.812532
407,0.455585
408,0.812343
409,0.454916
410,0.099248
411,0.812534
412,0.812534
413,0.437810
414,0.340759
415,0.812502
416,0.494133
417,0.812534
418,0.352909
419,0.405774
420,0.812534
421,0.812534
422,0.810535
423,0.793249
424,0.779752
425,0.679831
426,0.812534
427,0.811162
428,0.812534
429,0.811635
430,0.812507
431,0.762252
432,0.454915
433,0.458394
434,0.812534
435,0.454887
436,0.812338
437,0.709075
438,0.454915
439,0.812534
440,0.812519
441,0.457611
442,0.465451
443,0.810258
444,0.299872
445,0.114410
446,0.812534
447,0.251478
448,0.349167
449,0.507578
450,-0.016842
451,-0.016858
452,0.338259
453,-0.015862
454,-0.014960
455,0.812534
456,0.812534
457,0.812534
458,0.812033
459,0.341196
460,0.812534
461,0.812530
462,0.812394
463,0.811493
464,0.454915
465,0.812320
466,-0.016833
467,0.454915
468,0.347610
469,0.812534
470,0.812530
471,0.658896
472,0.812222
473,0.801077
474,-0.038601
475,0.812534
476,0.812532
477,0.812534
478,0.686846
479,0.812534
480,0.072923
481,0.454917
482,0.812529
483,0.175324
484,0.453765
485,0.479578
486,0.340759
487,-0.016859
488,-0.016834
489,0.812534
490,0.454874
491,0.454916
492,0.808032
493,0.812534
494,0.812534
495,0.117339
496,0.812382
497,-0.013233
498,0.812534
499,0.099350
500,0.050494
501,0.455148
502,0.340753
503,0.454915
504,0.454914
505,0.812534
506,0.812534
507,0.812534
508,0.341003
509,0.812534
510,0.812532
511,0.481225
512,0.812320
513,0.343924
514,0.801586
515,0.098372
516,0.812495
517,0.340767
518,0.604952
519,0.354362
520,0.102920
521,0.453937
522,-0.016860
523,0.355821
524,0.171337
525,0.812534
526,-0.016857
527,0.812534
528,0.511047
529,0.812534
530,0.454913
531,0.454897
532,0.454916
533,0.812408
534,0.446779
535,-0.016864
536,0.812491
537,0.812406
538,0.248690
539,0.340805
540,0.099258
541,0.457086
542,0.793975
543,-0.016851
544,0.812532
545,0.810515
546,0.316812
547,-0.008257
548,0.454916
549,0.812534
550,0.812291
551,0.366466
552,0.145737
553,0.454915
554,0.428377
555,0.811839
556,0.809810
557,0.340159
558,0.812531
559,0.454915
560,0.027879
561,0.311587
562,0.340761
563,0.812533
564,-0.016494
565,0.812534
566,0.812534
567,0.812534
568,0.812517
569,0.812534
570,0.812534
571,0.812526
572,0.099070
573,0.168395
574,0.381531
575,-0.016860
576,0.812511
577,0.812479
578,-0.016859
579,0.188066
580,0.149754
581,0.515011
582,0.812534
583,0.812534
584,0.812534
585,0.454918
586,0.812534
587,0.792907
588,0.812534
589,0.454915
590,0.812532
591,0.812534
592,0.806690
593,0.340744
594,0.275578
595,0.338869
596,0.211025
597,0.454903
598,0.812534
599,0.812403
600,0.788280
601,-0.021527
602,0.812385
603,0.812534
604,0.472361
605,0.811878
606,0.769244
607,0.275208
608,0.812534
609,-0.016719
610,0.756436
611,0.812413
612,-0.016857
613,0.728513
614,0.812534
615,0.812526
616,0.454917
617,0.812511
618,0.454914
619,-0.017141
620,0.340378
621,0.454400
622,0.810762
623,0.812532
624,0.340515
625,0.812527
626,0.656308
627,0.812534
628,0.571087
629,0.029867
630,0.812496
631,0.466394
632,0.263558
633,0.684478
634,0.340759
635,0.454915
636,0.812534
637,0.340882
638,0.340759
639,0.340759
640,0.812528
641,0.454941
642,0.114689
643,-0.014430
644,-0.016832
645,0.340517
646,0.812521
647,0.812534
648,0.459366
649,0.812534
650,0.794360
651,0.797248
652,0.126698
653,0.812454
654,0.454887
655,0.806328
656,0.812534
657,0.323474
658,0.810959
659,0.812534
660,0.812534
661,0.812534
662,0.812467
663,0.812533
664,0.336282
665,0.334226
666,0.087038
667,0.454915
668,0.099253
669,0.366897
670,0.454883
671,0.811913
672,0.812534
673,0.660141
674,0.812533
675,0.812534
676,0.798570
677,0.776831
678,0.812534
679,0.305919
680,0.454824
681,0.812534
682,0.812534
683,0.340796
684,0.445621
685,-0.016860
686,0.812138
687,0.812534
688,0.812534
689,0.458447
690,0.677054
691,0.571026
692,0.325078
693,0.812534
694,0.812248
695,0.803483
696,0.340300
697,0.290143
698,0.336239
699,0.310323
700,0.099253
701,0.812534
702,0.116726
703,0.809329
704,0.812534
705,0.340949
706,0.342673
707,0.811462
708,0.316485
709,0.455905
710,0.812534
711,0.454915
712,0.132650
713,0.812532
714,0.812534
715,0.812534
716,0.099846
717,0.454915
718,0.453259
719,0.812534
720,0.811159
721,0.454915
722,-0.015434
723,-0.016860
724,0.809747
725,-0.016843
726,0.454931
727,0.812534
728,0.812533
729,0.812534
730,0.812534
731,0.812534
732,0.812534
733,0.812534
734,0.340590
735,0.812534
736,-0.256798
737,0.812534
738,0.806112
739,0.812527
740,0.803791
741,0.340759
742,0.340308
743,0.044697
744,0.812534
745,0.443079
746,0.454915
747,-0.016707
748,0.340759
749,-0.016860
750,0.454915
751,0.409147
752,0.608997
753,0.812532
754,0.807223
755,-0.016858
756,0.497847
757,0.798637
758,0.376737
759,0.506941
760,0.180646
761,0.443083
762,0.454916
763,0.812534
764,0.455712
765,0.812534
766,0.812533
767,0.198949
768,0.812534
769,-0.016858
770,-0.016860
771,0.812076
772,-0.016857
773,0.812534
774,0.812527
775,0.811964
776,0.807670
777,0.454760
778,0.101730
779,0.433330
780,0.763972
781,0.812524
782,0.811497
783,-0.018887
784,0.812534
785,0.299044
786,0.103616
787,0.770289
788,0.340671
789,0.735724
790,0.812524
791,0.812471
792,0.463463
793,-0.016212
794,0.781316
795,0.812081
796,0.812534
797,0.340759
798,0.812534
799,-0.016852
800,0.608492
801,0.807980
802,-0.008667
803,0.352839
804,0.812534
805,0.812455
806,0.812534
807,0.454901
808,0.454916
809,0.454893
810,0.799749
811,0.340760
812,0.723264
813,0.812533
814,0.812533
815,0.385032
816,-0.016859
817,-0.032735
818,0.811199
819,0.731523
820,0.348766
821,0.812497
822,0.812533
823,0.454132
824,0.454915
825,-0.016402
826,0.460283
827,0.085613
828,0.603723
829,0.454902
830,0.560166
831,0.812534
832,0.812458
833,0.340809
834,-0.258224
835,0.101731
836,0.785302
837,0.298179
838,0.319729
839,0.812533
840,0.454247
841,0.812534
842,0.492285
843,0.799647
844,0.432437
845,0.812534
846,0.340653
847,0.812527
848,0.465675
849,0.340759
850,0.454915
851,0.099227
852,0.396193
853,-0.014489
854,0.812432
855,-0.016860
856,0.802981
857,-0.016721
858,0.812534
859,0.123466
860,0.276956
861,0.450567
862,0.455273
863,0.117932
864,0.340759
865,0.340461
866,0.812534
867,0.812529
868,0.444626
869,0.455597
870,0.099429
871,0.812534
872,0.810760
873,0.454915
874,0.099264
875,0.779862
876,0.159328
877,0.099648
878,0.454926
879,0.336750
880,0.333280
881,0.812047
882,0.812534
883,0.812534
884,0.088909
885,0.459769
886,0.812534
887,0.784478
888,0.454915
889,0.812534
890,0.793364
891,0.455032
892,0.812534
893,0.778487
894,0.476526
895,0.304032
896,-0.256963
897,0.812417
898,0.812135
899,0.337080
900,0.812534
901,0.002515
902,0.502889
903,0.811275
904,0.454920
905,0.811898
906,0.812534
907,0.571014
908,0.812534
909,0.812534
910,0.346756
911,0.780382
912,0.345849
913,0.454915
914,0.794139
915,0.752277
916,0.340754
917,0.330954
918,0.459988
919,0.745772
920,0.341533
921,0.494258
922,0.378628
923,0.247903
924,0.361229
925,0.100607
926,0.340759
927,0.455014
928,0.812534
929,-0.009529
930,-0.241280
931,0.051889
932,0.812534
933,0.785326
934,0.812534
935,0.114472
936,0.340759
937,0.562293
938,0.179730
939,0.812531
940,-0.008981
941,0.812529
942,0.812534
943,0.812406
944,0.353940
945,0.812505
946,-0.016860
947,0.812534
948,0.810317
949,0.812534
950,0.473332
951,0.454916
952,0.801845
953,0.099253
954,0.425069
955,0.811069
956,0.454922
957,0.454916
958,0.812514
959,0.812294
960,0.143959
961,0.470118
962,0.812534
963,0.812534
964,0.812458
965,-0.016786
966,0.808712
967,0.340759
968,-0.015527
969,0.812195
970,0.812388
971,0.812529
972,0.454915
973,0.156988
974,-0.016860
975,0.628655
976,0.511011
977,0.454687
978,0.812534
979,0.753471
980,-0.016856
981,0.812525
982,0.454916
983,0.812534
984,0.809499
985,0.100355
986,0.812534
987,0.372909
988,0.466406
989,0.812527
990,0.493730
991,0.340759
992,0.107218
993,0.527111
994,0.812534
995,0.455113
996,0.335815
997,0.334349
998,0.396864
999,0.352238
1000,0.454956
1001,0.486554
1002,0.812011
1003,0.454150
1004,0.779354
1005,0.340759
1006,0.099256
1007,0.233938
1008,0.340909
1009,0.810145
1010,0.454378
1011,0.805379
1012,0.812062
1013,0.340759
1014,0.812408
1015,0.582381
1016,0.340408
1017,0.812521
1018,0.653711
1019,0.029759
1020,0.812534
1021,0.454915
1022,0.655549
1023,0.414585
1024,0.353215
1025,0.334458
1026,0.099254
1027,-0.016786
1028,0.800871
1029,0.454952
1030,0.359261
1031,0.811134
1032,0.812534
1033,0.340574
1034,0.812534
1035,0.436365
1036,0.341011
1037,0.812534
1038,0.812534
1039,-0.011325
1040,0.812471
1041,0.812534
1042,0.812534
1043,0.800610
1044,0.340857
1045,0.812520
1046,0.457070
1047,0.341023
1048,0.465606
1049,0.812534
1050,0.454928
1051,0.739797
1052,0.571030
1053,-0.016648
1054,-0.016860
1055,0.812534
1056,-0.016857
1057,0.454933
1058,-0.016844
1059,0.812534
1060,0.454916
1061,0.346207
1062,0.454915
1063,0.454915
1064,0.812534
1065,0.454911
1066,0.455023
1067,0.454908
1068,-0.016264
1069,0.812106
1070,0.342230
1071,0.440939
1072,0.340759
1073,-0.009082
1074,0.812534
1075,0.487284
1076,0.807130
1077,0.812534
1078,0.335144
1079,0.456287
1080,-0.016564
1081,0.812534
1082,0.060489
1083,-0.016850
1084,-0.006184
1085,0.812534
1086,0.454889
1087,0.357045
1088,0.811556
1089,0.799348
1090,-0.016855
1091,0.812534
1092,0.454915
1093,0.340768
1094,0.812534
1095,0.645632
1096,0.812534
1097,-0.016860
1098,0.455647
1099,0.340524
1100,-0.108450
1101,0.798241
1102,0.812534
1103,0.409014
1104,0.454915
1105,0.812534
1106,0.812534
1107,0.812508
1108,0.457310
1109,0.455194
1110,0.804870
1111,0.812388
1112,0.135890
1113,0.812530
1114,-0.011012
1115,-0.006563
1116,0.812367
1117,0.340786
1118,0.803374
1119,0.175543
1120,0.810959
1121,0.812534
1122,0.811643
1123,0.456285
1124,0.479651
1125,0.049545
1126,0.812534
1127,0.687705
1128,0.759101
1129,0.812534
1130,0.812534
1131,0.809176
1132,0.112360
1133,0.812534
1134,-0.016284
1135,0.340773
1136,0.796381
1137,0.812533
1138,0.735528
1139,0.454915
1140,0.394894
1141,0.106816
1142,0.346311
1143,0.454807
1144,0.340883
1145,-0.013135
1146,-0.015650
1147,0.454916
1148,0.812534
1149,0.457218
1150,0.812534
1151,0.454915
1152,0.455680
1153,0.404789
1154,0.812534
1155,0.812534
1156,0.812534
1157,0.812534
1158,0.222423
1159,0.328115
1160,0.765295
1161,0.522436
1162,0.798866
1163,0.103848
1164,0.806431
1165,0.812361
1166,0.812438
1167,0.812483
1168,0.812533
1169,0.099253
1170,0.812534
1171,0.279523
1172,0.812003
1173,0.778831
1174,0.812534
1175,0.454927
1176,0.801070
1177,0.808779
1178,0.812534
1179,0.469663
1180,0.353800
1181,0.812455
1182,-0.016859
1183,0.812532
1184,-0.016859
1185,0.217000
1186,0.795313
1187,-0.016860
1188,0.102042
1189,0.812534
1190,0.341101
1191,0.454915
1192,0.099255
1193,0.100574
1194,0.342242
1195,0.812378
1196,0.009991
1197,0.811686
1198,0.812532
1199,0.438369
1200,0.812534
1201,0.101182
1202,0.811474
1203,0.454948
1204,0.455427
1205,0.745260
1206,0.454876
1207,-0.016860
1208,0.555170
1209,0.812534
1210,0.336272
1211,0.765699
1212,0.505766
1213,0.108124
1214,-0.016848
1215,0.372359
1216,0.054745
1217,0.812407
1218,0.694970
1219,0.812518
1220,0.812455
1221,0.812534
1222,-0.080498
1223,0.812519
1224,0.812534
1225,0.812534
1226,0.812534
1227,0.812534
1228,0.099253
1229,0.471805
1230,0.754405
1231,0.807655
1232,0.339279
1233,0.454915
1234,0.812534
1235,0.340705
1236,0.812525
1237,0.408040
1238,0.812533
1239,0.571081
1240,0.340723
1241,0.812533
1242,-0.016860
1243,0.812534
1244,0.812528
1245,0.099266
1246,0.525845
1247,0.464047
1248,0.812533
1249,0.454801
1250,0.073458
1251,0.778953
1252,-0.016859
1253,0.812534
1254,0.787291
1255,0.099185
1256,0.464156
1257,0.341989
1258,0.019761
1259,0.812534
1260,0.812523
1261,0.309365
1262,0.402866
1263,-0.016804
1264,0.812521
1265,0.810927
1266,0.812533
1267,0.811693
1268,0.811614
1269,0.812534
1270,0.810355
1271,0.811711
1272,0.812534
1273,0.320431
1274,0.812419
1275,0.371625
1276,0.455154
1277,0.715494
1278,0.811682
1279,0.098879
1280,0.812534
1281,0.764862
1282,0.494291
1283,-0.016858
1284,0.812531
1285,0.454915
1286,-0.016225
1287,0.812525
1288,-0.016860
1289,0.347686
1290,0.454891
1291,0.799791
1292,0.600173
1293,0.100668
1294,0.811556
1295,0.099447
1296,0.456627
1297,0.811773
1298,0.812352
1299,0.572420
1300,0.041899
1301,0.812533
1302,0.812530
1303,0.812533
1304,0.055173
1305,0.454868
1306,-0.016860
1307,0.786296
1308,0.812534
1309,0.340759
1310,0.459884
1311,0.457185
1312,0.812446
1313,0.810300
1314,0.812530
1315,0.496642
1316,0.208294
1317,0.812534
1318,0.454052
1319,0.663210
1320,0.067836
1321,0.455959
1322,0.482603
1323,0.454926
1324,0.454924
1325,0.405784
1326,0.812532
1327,0.812532
1328,0.454915
1329,0.341161
1330,0.812534
1331,0.812534
1332,0.291979
1333,0.784837
1334,0.341562
1335,0.812529
1336,0.100194
1337,0.785308
1338,-0.016739
1339,0.812533
1340,-0.016859
1341,0.456895
1342,0.454782
1343,0.812522
1344,0.812534
1345,0.812534
1346,0.812048
1347,0.630927
1348,0.128708
1349,0.812534
1350,-0.027303
1351,0.340730
1352,0.812526
1353,0.454915
1354,0.812330
1355,0.812519
1356,0.415479
1357,0.103976
1358,0.789574
1359,0.099474
1360,-0.016859
1361,0.802202
1362,0.461532
1363,0.799037
1364,0.812078
1365,-0.025184
1366,0.340329
1367,0.318214
1368,0.812534
1369,0.812530
1370,0.521687
1371,0.498923
1372,0.812534
1373,-0.016860
1374,0.812532
1375,0.812459
1376,0.812534
1377,0.035828
1378,0.812534
1379,0.790587
1380,0.812529
1381,0.346633
1382,0.454916
1383,0.812510
1384,0.812534
1385,-0.012074
1386,0.454915
1387,0.372383
1388,0.812534
1389,0.345327
1390,-0.016631
1391,0.812534
1392,0.812483
1393,0.340759
1394,0.343002
1395,-0.016857
1396,0.812534
1397,0.812534
1398,0.330691
1399,0.340796
1400,0.454915
1401,0.319685
1402,0.812429
1403,-0.108132
1404,-0.002402
1405,0.099677
1406,0.632129
1407,0.769257
1408,0.339499
1409,0.811902
1410,0.812531
1411,-0.016860
1412,0.763234
1413,0.454891
1414,0.450084
1415,0.812260
1416,-0.016860
1417,0.340743
1418,0.812492
1419,0.812531
1420,0.808491
1421,0.812309
1422,0.607770
1423,0.340716
1424,-0.171311
1425,0.454956
1426,0.339639
1427,0.095029
1428,0.802278
1429,0.812320
1430,0.340745
1431,-0.258254
1432,0.812470
1433,0.812534
1434,0.811759
1435,0.812534
1436,0.808880
1437,0.812530
1438,0.341587
1439,0.812534
1440,0.470343
1441,0.812363
1442,0.453563
1443,0.458669
1444,0.812205
1445,0.454455
1446,0.406107
1447,0.340748
1448,0.161277
1449,0.099571
1450,0.491504
1451,0.714933
1452,0.311360
1453,0.625259
1454,0.340743
1455,0.812496
1456,0.812534
1457,0.100502
1458,0.340970
1459,0.812534
1460,0.480487
1461,0.454915
1462,0.046070
1463,0.580115
1464,0.341224
1465,0.449487
1466,0.454916
1467,-0.016772
1468,0.812524
1469,0.454916
1470,0.798413
1471,0.571031
1472,0.764048
1473,0.811086
1474,0.812398
1475,0.456697
1476,0.012448
1477,-0.016856
1478,0.781949
1479,0.099253
1480,0.054098
1481,0.128204
1482,0.454915
1483,0.451105
1484,0.374262
1485,0.012939
1486,0.341421
1487,0.340760
1488,0.812534
1489,0.453097
1490,0.454936
1491,0.812534
1492,0.812534
1493,0.812192
1494,-0.016843
1495,0.340762
1496,0.770080
1497,0.812534
1498,0.812534
1499,0.812486
1500,0.812532
1501,0.356476
1502,0.340821
1503,0.812534
1504,0.812534
1505,0.801109
1506,0.368275
1507,0.036174
1508,0.246694
1509,0.783813
1510,0.732090
1511,0.023513
1512,0.099624
1513,0.454904
1514,0.104091
1515,0.492592
1516,0.812530
1517,0.812125
1518,0.340759
1519,0.340759
1520,0.812511
1521,0.099216
1522,0.339935
1523,0.401536
1524,0.812342
1525,0.097319
1526,0.691023
1527,0.457274
1528,0.812000
1529,0.791317
1530,0.812523
1531,0.342514
1532,0.812516
1533,0.469012
1534,0.812534
1535,0.788561
1536,0.812533
1537,0.587841
1538,0.812534
1539,0.812534
1540,0.144207
1541,0.812534
1542,0.812286
1543,0.747787
1544,0.812534
1545,0.454915
1546,0.028537
1547,0.454916
1548,0.310132
1549,0.770909
1550,0.812534
1551,0.812534
1552,0.454915
1553,0.455612
1554,0.812453
1555,0.791446
1556,0.812534
1557,0.812534
1558,0.455120
1559,0.130098
1560,0.804135
1561,0.380313
1562,0.467902
1563,0.800442
1564,0.364402
1565,-0.016860
1566,0.811932
1567,0.812446
1568,0.812533
1569,0.776860
1570,-0.258340
1571,0.577739
1572,0.454248
1573,0.812532
1574,0.812463
1575,0.812533
1576,0.454901
1577,0.812533
1578,0.342282
1579,0.812534
1580,0.342417
1581,0.321379
1582,0.736831
1583,0.455492
1584,0.793827
1585,0.812245
1586,0.812534
1587,0.812532
1588,0.811990
1589,0.812193
1590,0.812534
1591,0.809416
1592,-0.010902
1593,0.454917
1594,0.812532
1595,0.811073
1596,0.343644
1597,0.454916
1598,-0.016859
1599,0.805250
1600,0.812510
1601,-0.016284
1602,0.033142
1603,0.424057
1604,-0.016797
1605,0.454915
1606,0.806210
1607,-0.011585
1608,-0.000499
1609,-0.016654
1610,0.340744
1611,-0.016766
1612,0.812534
1613,0.340682
1614,-0.015543
1615,0.812534
1616,0.165787
1617,-0.014768
1618,0.812534
1619,0.802314
1620,0.769514
1621,0.811889
1622,-0.006348
1623,0.699282
1624,0.811208
1625,0.359328
1626,0.811922
1627,0.099252
1628,0.809148
1629,0.812534
1630,0.808089
1631,-0.017003
1632,0.812527
1633,0.812534
1634,0.812438
1635,0.381117
1636,0.812534
1637,0.064913
1638,0.101019
1639,0.236291
1640,0.812487
1641,0.529898
1642,0.733694
1643,-0.016860
1644,0.812506
1645,0.812534
1646,0.812508
1647,0.454080
1648,0.326694
1649,0.812534
1650,0.812534
1651,0.812534
1652,0.812534
1653,0.812202
1654,0.811315
1655,0.665039
1656,0.812534
1657,0.454915
1658,0.340759
1659,0.485829
1660,0.340803
1661,0.374411
1662,0.454915
1663,0.099263
1664,0.786574
1665,0.775068
1666,0.045443
1667,0.804331
1668,0.812534
1669,0.812533
1670,-0.016845
1671,0.812533
1672,0.340484
1673,0.453885
1674,0.812534
1675,-0.016808
1676,0.454794
1677,0.812534
1678,0.811736
1679,0.812533
1680,0.812534
1681,0.812534
1682,0.339477
1683,0.812534
1684,0.812534
1685,0.454908
1686,0.812534
1687,-0.016852
1688,-0.016312
1689,0.221188
1690,0.812529
1691,0.812426
1692,0.809559
1693,0.812523
1694,0.812496
1695,0.717725
1696,-0.015687
1697,0.454915
1698,-0.016857
1699,0.340784
1700,0.172974
1701,0.812534
1702,0.812534
1703,0.340761
1704,0.099255
1705,0.811408
1706,0.811283
1707,0.339376
1708,0.812458
1709,-0.014881
1710,0.320725
1711,0.805483
1712,0.739187
1713,0.812507
1714,0.225358
1715,0.134031
1716,0.802253
1717,0.812534
1718,-0.015288
1719,0.569728
1720,0.427013
1721,0.811725
1722,0.812323
1723,0.340786
1724,0.419722
1725,0.808971
1726,0.809854
1727,0.812534
1728,0.764852
1729,0.101421
1730,0.809618
1731,0.454915
1732,0.751790
1733,0.799300
1734,0.355889
1735,0.793643
1736,0.812532
1737,0.812534
1738,0.812534
1739,0.812531
1740,0.812394
1741,0.812534
1742,0.341111
1743,0.807358
1744,0.340759
1745,0.339325
1746,0.079643
1747,0.341411
1748,0.443817
1749,0.812534
1750,0.083584
1751,0.455293
1752,0.781917
1753,-0.016860
1754,0.799917
1755,0.464654
1756,0.164767
1757,0.159204
1758,0.661148
1759,0.812468
1760,0.340759
1761,0.812534
1762,0.454916
1763,0.812521
1764,0.649365
1765,0.432325
1766,0.449473
1767,0.812422
1768,0.686829
1769,0.812517
1770,0.579448
1771,-0.016894
1772,-0.016856
1773,-0.016860
1774,0.567818
1775,0.812534
1776,0.812301
1777,0.779380
1778,0.361306
1779,0.812511
1780,0.812534
1781,-0.016860
1782,0.454915
1783,0.340759
1784,0.801576
1785,0.812530
1786,0.028635
1787,0.812534
1788,0.812534
1789,0.785823
1790,0.784172
1791,0.456566
1792,0.340759
1793,0.754500
1794,0.340754
1795,0.812214
1796,0.454866
1797,0.544289
1798,0.157580
1799,0.341844
1800,0.454915
1801,0.340757
1802,0.778685
1803,-0.016796
1804,0.812517
1805,0.454913
1806,0.812182
1807,0.745515
1808,-0.011336
1809,0.811908
1810,0.453807
1811,0.196484
1812,0.812534
1813,0.812509
1814,0.340759
1815,0.812531
1816,0.088375
1817,0.812534
1818,0.812534
1819,0.001335
1820,0.812534
1821,0.810633
1822,0.442981
1823,0.359234
1824,0.812534
1825,0.464317
1826,-0.016860
1827,-0.016860
1828,0.227504
1829,0.340740
1830,0.340765
1831,0.004364
1832,-0.016660
1833,0.687519
1834,0.100102
1835,0.812534
1836,0.812092
1837,-0.016846
1838,0.454918
1839,0.777318
1840,0.812533
1841,0.340759
1842,0.812532
1843,-0.016860
1844,0.340467
1845,0.812534
1846,0.354908
1847,0.454915
1848,0.812457
1849,-0.016846
1850,0.812534
1851,0.455641
1852,0.812534
1853,-0.016230
1854,-0.009235
1855,0.812534
1856,-0.027110
1857,0.340739
1858,0.804289
1859,-0.016841
1860,0.114194
1861,0.454951
1862,-0.014641
1863,0.099346
1864,0.209349
1865,0.810261
1866,0.812534
1867,0.454427
1868,0.340758
1869,0.270321
1870,0.339422
1871,0.812513
1872,0.241262
1873,0.637242
1874,0.262054
1875,0.457049
1876,0.454915
1877,0.812350
1878,0.812534
1879,0.812534
1880,0.812522
1881,0.782415
1882,0.708304
1883,-0.016768
1884,0.812532
1885,0.812534
1886,0.214626
1887,0.707735
1888,0.099249
1889,0.711958
1890,0.812534
1891,0.812368
1892,0.809433
1893,-0.016848
1894,0.811872
1895,0.020153
1896,0.812509
1897,0.812469
1898,0.762486
1899,0.277127
1900,0.052132
1901,0.812534
1902,0.812534
1903,0.812516
1904,0.812534
1905,-0.016782
1906,-0.016860
1907,0.812534
1908,0.812534
1909,0.812534
1910,0.715307
1911,0.799717
1912,0.812534
1913,0.554810
1914,0.340893
1915,0.340757
1916,0.812534
1917,0.812534
1918,0.455259
1919,-0.016803
1920,0.340759
1921,-0.015064
1922,0.810361
1923,0.453117
1924,0.152805
1925,0.812529
1926,0.454869
1927,0.099072
1928,0.099689
1929,0.454916
1930,0.812534
1931,0.102343
1932,0.454914
1933,-0.016487
1934,0.100107
1935,0.103024
1936,0.812534
1937,0.085597
1938,0.002035
1939,0.336640
1940,-0.016859
1941,-0.016855
1942,0.812534
1943,0.340759
1944,0.257683
1945,0.641068
1946,0.095781
1947,0.454915
1948,0.340743
1949,0.004343
1950,0.454915
1951,0.274700
1952,-0.016860
1953,-0.016847
1954,0.812534
1955,0.454909
1956,0.811817
1957,0.340710
1958,0.812534
1959,0.812521
1960,0.099255
1961,0.139249
1962,0.812534
1963,0.807307
1964,0.305574
1965,0.812534
1966,0.799424
1967,0.454915
1968,0.604201
1969,0.454926
1970,-0.016798
1971,0.812533
1972,0.368503
1973,0.812534
1974,0.812390
1975,0.465598
1976,0.812496
1977,0.336978
1978,0.812362
1979,0.750306
1980,0.382094
1981,0.812534
1982,0.454915
1983,0.812534
1984,0.812534
1985,0.802826
1986,0.454915
1987,0.812534
1988,0.800923
1989,0.812521
1990,0.812534
1991,-0.010411
1992,0.146554
1993,0.697375
1994,0.806212
1995,0.812151
1996,0.290318
1997,0.812348
1998,0.463019
1999,0.092524
2000,0.812055
2001,0.139433
2002,0.516947
2003,0.389552
2004,-0.012940
2005,0.162784
2006,0.718340
2007,0.454915
2008,0.812254
2009,0.447350
2010,-0.016636
2011,0.812456
2012,0.799611
2013,0.732870
2014,0.790489
2015,0.810232
2016,0.812534
2017,0.743470
2018,0.340452
2019,0.340739
2020,0.812445
2021,0.812479
2022,0.455038
2023,0.042656
2024,-0.016559
2025,0.812534
2026,0.812486
2027,0.812189
2028,0.812526
2029,-0.016803
2030,0.721922
2031,0.810854
2032,0.808971
2033,0.455284
2034,0.156884
2035,0.812533
2036,0.443267
2037,0.454907
2038,0.355302
2039,0.340764
2040,0.099286
2041,0.581945
2042,0.781959
2043,0.415925
2044,0.718331
2045,0.808044
2046,0.777370
2047,0.798704
2048,0.812534
2049,0.791854
2050,0.812534
2051,0.812505
2052,0.812534
2053,0.749760
2054,0.812534
2055,0.099253
2056,0.812509
2057,0.812157
2058,0.570990
2059,0.812534
2060,0.099264
2061,0.414036
2062,0.099253
2063,0.283477
2064,0.812534
2065,0.002506
2066,0.099256
2067,0.405033
2068,0.189772
2069,0.797687
2070,0.812527
2071,-0.007597
2072,0.466656
2073,0.103063
2074,0.796525
2075,0.812534
2076,0.340759
2077,0.812519
2078,0.339902
2079,0.812534
2080,0.457442
2081,0.528074
2082,0.812128
2083,0.812534
2084,-0.041143
2085,0.812423
2086,0.454916
2087,0.443138
2088,0.481949
2089,0.812534
2090,0.784039
2091,0.099270
2092,0.812534
2093,0.783481
2094,0.783403
2095,0.454063
2096,0.454705
2097,0.340759
2098,0.308254
2099,0.812534
2100,0.036678
2101,0.812534
2102,0.812534
2103,0.455283
2104,0.812377
2105,0.715166
2106,0.571004
2107,0.340784
2108,0.812534
2109,0.812378
2110,0.812433
2111,0.810920
2112,0.450956
2113,-0.016785
2114,0.812431
2115,-0.006260
2116,0.812534
2117,0.261493
2118,0.795711
2119,0.453569
2120,0.454701
2121,-0.010882
2122,0.454911
2123,0.812443
2124,0.785328
2125,0.812534
2126,0.799355
2127,-0.016857
2128,0.812534
2129,0.288318
2130,0.812425
2131,0.812531
2132,0.454525
2133,0.812534
2134,-0.016440
2135,0.285551
2136,0.370484
2137,0.532573
2138,0.500713
2139,0.487252
2140,0.812176
2141,0.446281
2142,0.702232
2143,0.810629
2144,0.340889
2145,0.812534
2146,0.454970
2147,-0.016740
2148,0.812534
2149,0.812534
2150,0.340418
2151,0.340759
2152,-0.015142
2153,-0.008154
2154,0.652768
2155,0.454614
2156,-0.009731
2157,-0.014745
2158,0.726994
2159,0.340748
2160,0.454882
2161,0.812529
2162,0.619302
2163,0.812258
2164,0.106279
2165,-0.016226
2166,0.810064
2167,0.429960
2168,0.339298
2169,0.373707
2170,0.337802
2171,0.802988
2172,0.340918
2173,0.454778
2174,0.710869
2175,0.812488
2176,0.454804
2177,0.812330
2178,0.797164
2179,0.812461
2180,0.010043
2181,0.812534
2182,0.465630
2183,0.122664
2184,0.454429
2185,0.788937
2186,0.812534
2187,0.812531
2188,-0.010432
2189,0.811612
2190,0.420767
2191,0.453710
2192,-0.247186
2193,0.099253
2194,0.805576
2195,0.311033
2196,0.327046
2197,0.013488
2198,0.340202
2199,0.812530
2200,0.354508
2201,0.812534
2202,0.340572
2203,0.449419
2204,0.105723
2205,0.812533
2206,0.522494
2207,0.762084
2208,-0.016860
2209,0.812534
2210,0.812534
2211,0.627600
2212,0.734069
2213,0.357781
2214,0.340942
2215,0.399689
2216,0.812238
2217,0.454943
2218,0.811436
2219,0.812267
2220,0.220129
2221,0.330033
2222,0.343129
2223,0.812527
2224,0.454259
2225,0.812002
2226,0.786788
2227,-0.016860
2228,0.454836
2229,0.812534
2230,0.454921
2231,0.452726
2232,0.797155
2233,0.340877
2234,0.812476
2235,0.064816
2236,0.340768
2237,0.459170
2238,0.340759
2239,0.475914
2240,0.786328
2241,0.343882
2242,0.812534
2243,0.549683
2244,0.812534
2245,0.737104
2246,0.345464
2247,0.812532
2248,0.341534
2249,-0.016858
2250,-0.013925
2251,0.775505
2252,0.806723
2253,0.812349
2254,0.811131
2255,0.117792
2256,0.444925
2257,0.449100
2258,0.183044
2259,0.812471
2260,0.812486
2261,0.714126
2262,-0.016858
2263,0.812140
2264,0.812184
2265,0.454916
2266,0.454915
2267,0.801748
2268,0.340673
2269,0.750245
2270,0.336438
2271,0.445138
2272,0.715439
2273,0.812283
2274,0.812534
2275,-0.015061
2276,0.458938
2277,0.812534
2278,0.340758
2279,-0.016856
2280,0.790320
2281,0.812534
2282,0.446789
2283,0.812533
2284,0.110254
2285,0.329740
2286,-0.258362
2287,0.812534
2288,0.812532
2289,0.812534
2290,0.812534
2291,0.812476
2292,0.812393
2293,-0.016696
2294,-0.016546
2295,0.812534
2296,-0.012939
2297,0.812534
2298,0.472077
2299,0.812534
2300,0.333709
2301,0.452235
2302,0.812520
2303,0.812381
2304,0.812534
2305,0.812534
2306,0.331814
2307,0.812413
2308,0.812534
2309,0.135708
2310,0.807697
2311,0.683940
2312,0.457753
2313,0.812412
2314,0.454903
2315,-0.003567
2316,0.464394
2317,0.807917
2318,0.812534
2319,0.812534
2320,0.812014
2321,0.812534
2322,0.812534
2323,0.812533
2324,0.812532
2325,0.798515
2326,-0.006936
2327,0.812534
2328,0.812534
2329,0.799605
2330,0.812534
2331,0.812506
2332,0.340759
2333,0.812534
2334,0.348867
2335,0.454915
2336,0.812534
2337,0.454915
2338,0.416452
2339,0.812534
2340,0.810624
2341,0.384529
2342,0.812532
2343,0.812534
2344,0.812524
2345,0.812534
2346,0.788678
2347,0.340757
2348,0.438402
2349,0.308723
2350,0.787797
2351,0.812534
2352,0.466306
2353,-0.016860
2354,0.812409
2355,0.131627
2356,-0.016860
2357,0.794625
2358,0.468757
2359,0.454991
2360,0.340759
2361,-0.015801
2362,-0.009630
2363,0.457550
2364,-0.016822
2365,0.338173
2366,0.811176
2367,0.812533
2368,-0.016859
2369,0.125751
2370,-0.015106
2371,0.340756
2372,0.812534
2373,0.811485
2374,0.384584
2375,0.154325
2376,0.554366
2377,0.811020
2378,0.812511
2379,0.485747
2380,0.340765
2381,0.812232
2382,0.340755
2383,0.425872
2384,0.454938
2385,0.340759
2386,0.812534
2387,0.450997
2388,0.812528
2389,0.812510
2390,0.089762
2391,0.812080
2392,-0.016777
2393,0.812534
2394,0.728792
2395,0.712207
2396,-0.014574
2397,0.799623
2398,0.340832
2399,0.454925
2400,0.812534
2401,0.812534
2402,0.798063
2403,0.003384
2404,0.401174
2405,0.812533
2406,0.812534
2407,0.454971
2408,0.812534
2409,0.452944
2410,0.340891
2411,0.221241
2412,0.811456
2413,0.812474
2414,0.136753
2415,0.801617
2416,0.811005
2417,0.812146
2418,0.454915
2419,0.454916
2420,0.812534
2421,0.271244
2422,0.340758
2423,0.339709
2424,0.730520
2425,0.812534
2426,0.812534
2427,-0.016662
2428,0.345834
2429,0.455847
2430,0.809762
2431,0.778047
2432,-0.016859
2433,0.340909
2434,0.812380
2435,0.812534
2436,0.812534
2437,0.723009
2438,0.812397
2439,0.454128
2440,0.812534
2441,0.099254
2442,0.812514
2443,0.111831
2444,-0.016449
2445,0.812534
2446,0.812534
2447,0.811992
2448,0.571015
2449,0.811380
2450,0.812534
2451,0.562525
2452,-0.016656
2453,0.135462
2454,0.353369
2455,0.454920
2456,-0.004892
2457,0.457442
2458,-0.257272
2459,0.812394
2460,0.812309
2461,0.454498
2462,0.340757
2463,0.812534
2464,0.812534
2465,0.812534
2466,0.811755
2467,-0.016858
2468,0.812534
2469,0.289164
2470,0.104631
2471,0.812534
2472,0.812534
2473,0.794897
2474,-0.015395
2475,0.799794
2476,0.099791
2477,0.455273
2478,0.812534
2479,0.340752
2480,-0.016858
2481,0.340764
2482,0.476602
2483,0.452810
2484,0.664361
2485,0.454904
2486,0.812534
2487,0.808029
2488,0.810563
2489,0.812528
2490,-0.013271
2491,0.812534
2492,0.812532
2493,0.339455
2494,0.810362
2495,0.099264
2496,0.806411
2497,0.812534
2498,0.347645
2499,0.806092
2500,0.327068
2501,0.454915
2502,0.454915
2503,0.812529
2504,0.812533
2505,0.103527
2506,-0.016860
2507,-0.258365
2508,0.740994
2509,0.477009
2510,0.454915
2511,-0.016822
2512,0.592950
2513,0.332940
2514,0.240806
2515,0.812491
2516,0.812281
2517,0.786966
2518,0.812534
2519,0.139301
2520,0.811594
2521,-0.016848
2522,0.340756
2523,0.812518
2524,0.812526
2525,0.340779
2526,0.454915
2527,0.812534
2528,0.809717
2529,0.812534
2530,0.457207
2531,0.454654
2532,-0.016795
2533,0.216698
2534,0.812499
2535,0.812510
2536,0.678649
2537,-0.016849
2538,0.099251
2539,0.812533
2540,0.215332
2541,0.306044
2542,0.806374
2543,0.812491
2544,0.810388
2545,0.455134
2546,0.583987
2547,0.270927
2548,-0.040847
2549,0.683975
2550,0.812534
2551,0.812534
2552,0.341854
2553,0.338734
2554,0.455349
2555,0.764945
2556,0.455918
2557,0.348190
2558,-0.016720
2559,0.442661
2560,0.351088
2561,0.541351
2562,0.440317
2563,-0.016858
2564,0.343837
2565,0.439077
2566,0.252381
2567,0.342237
2568,0.812534
2569,0.812534
2570,0.812531
2571,0.812529
2572,0.812510
2573,0.812529
2574,0.340772
2575,0.812533
2576,0.571590
2577,0.812534
2578,0.456045
2579,0.128330
2580,-0.016713
2581,0.444863
2582,0.812534
2583,0.761124
2584,0.340758
2585,0.340806
2586,0.812534
2587,0.316386
2588,0.806775
2589,0.812266
2590,0.811854
2591,0.099354
2592,0.499081
2593,0.812351
2594,0.340759
2595,0.454895
2596,0.099299
2597,0.099252
2598,0.340341
2599,0.491929
2600,0.298995
2601,0.812533
2602,0.812534
2603,0.454917
2604,0.808775
2605,0.340754
2606,0.099292
2607,0.812534
2608,0.131653
2609,-0.016856
2610,-0.016860
2611,0.807752
2612,0.812121
2613,0.101701
2614,0.812534
2615,0.101895
2616,0.812492
2617,0.716618
2618,0.341781
2619,0.340770
2620,0.812022
2621,0.759690
2622,0.806015
2623,0.811732
2624,0.812534
2625,0.789930
2626,0.454802
2627,0.809067
2628,0.456029
2629,0.340765
2630,0.440667
2631,0.099329
2632,0.000830
2633,-0.016856
2634,0.330877
2635,0.442717
2636,-0.016678
2637,0.267768
2638,0.812534
2639,0.812534
2640,0.342915
2641,0.340342
2642,0.454846
2643,-0.016686
2644,0.812534
2645,0.812374
2646,0.798011
2647,-0.016675
2648,0.565889
2649,0.099204
2650,0.274407
2651,0.812534
2652,0.803019
2653,-0.016681
2654,0.812534
2655,0.122159
2656,0.811775
2657,-0.016736
2658,0.804232
2659,0.808276
2660,0.812531
2661,0.136198
2662,0.454915
2663,0.812534
2664,0.812534
2665,0.810581
2666,0.626326
2667,0.812534
2668,0.812497
2669,0.812534
2670,0.455128
2671,-0.016860
2672,0.807901
2673,0.812315
2674,0.812474
2675,0.812534
2676,0.099257
2677,0.343717
2678,0.573539
2679,0.812534
2680,0.099360
2681,-0.016771
2682,0.099254
2683,0.495568
2684,0.812531
2685,0.812534
2686,0.461288
2687,0.288156
2688,0.341846
2689,0.812534
2690,0.464410
2691,0.812325
2692,-0.015347
2693,0.810993
2694,-0.016859
2695,0.341130
2696,0.340545
2697,-0.016817
2698,0.340759
2699,0.812498
2700,0.340759
2701,0.809104
2702,0.812533
2703,0.812534
2704,0.340758
2705,0.811856
2706,0.340983
2707,0.812534
2708,0.698885
2709,0.107947
2710,0.455086
2711,0.340962
2712,0.812534
2713,0.064584
2714,0.340092
2715,0.641820
2716,0.457177
2717,0.798772
2718,-0.016860
2719,0.812534
2720,0.357206
2721,0.812534
2722,0.340092
2723,0.812389
2724,0.611957
2725,-0.014919
2726,-0.016859
2727,0.812533
2728,0.454915
2729,0.454915
2730,0.812378
2731,0.812039
2732,0.812534
2733,0.812534
2734,0.340757
2735,0.340781
2736,-0.016859
2737,-0.016535
2738,0.340996
2739,0.454915
2740,0.492345
2741,-0.012371
2742,0.454909
2743,0.812534
2744,0.797936
2745,0.099253
2746,0.812429
2747,0.341245
2748,0.812533
2749,0.369292
2750,0.812532
2751,0.812534
2752,0.537121
2753,0.812534
2754,0.723667
2755,0.105810
2756,0.768192
2757,0.456833
2758,0.812312
2759,0.812534
2760,0.340456
2761,0.796976
2762,0.341056
2763,0.454915
2764,0.319447
2765,-0.016728
2766,0.795997
2767,0.533875
2768,0.812514
2769,0.782491
2770,0.469370
2771,0.812532
2772,0.811846
2773,0.445797
2774,0.340759
2775,0.170093
2776,0.810700
2777,-0.016696
2778,0.363385
2779,0.099260
2780,0.454915
2781,0.809938
2782,0.456738
2783,-0.016860
2784,0.100698
2785,0.778715
2786,0.664122
2787,0.046324
2788,0.812534
2789,0.223651
2790,0.807880
2791,0.329245
2792,0.812532
2793,0.587455
2794,0.454746
2795,0.033284
2796,0.454970
2797,-0.014654
2798,0.033024
2799,0.802876
2800,0.812534
2801,0.802192
2802,0.794843
2803,0.794183
2804,-0.016270
2805,0.265491
2806,-0.016857
2807,0.571028
2808,0.811602
2809,0.099786
2810,0.811794
2811,0.812501
2812,0.780441
2813,0.722348
2814,-0.016860
2815,0.455110
2816,0.653846
2817,0.812534
2818,0.342592
2819,0.812534
2820,0.454915
2821,0.415241
2822,0.788415
2823,0.406804
2824,-0.258128
2825,0.025362
2826,0.477884
2827,0.812534
2828,0.812534
2829,0.340757
2830,-0.005788
2831,0.454577
2832,-0.008391
2833,0.776097
2834,0.454721
2835,0.812399
2836,0.455019
2837,0.450685
2838,-0.016860
2839,0.812490
2840,0.454915
2841,0.454915
2842,0.099268
2843,0.621788
2844,0.701117
2845,0.489432
2846,0.812197
2847,0.812534
2848,0.308642
2849,0.454943
2850,0.704526
2851,0.454818
2852,0.454915
2853,0.072802
2854,0.806502
2855,-0.016055
2856,0.250042
2857,-0.016860
2858,0.745897
2859,0.099253
2860,0.812534
2861,0.341336
2862,0.340775
2863,0.454916
2864,0.144643
2865,-0.013842
2866,0.512040
2867,0.811901
2868,0.812534
2869,0.812534
2870,0.812506
2871,0.100698
2872,0.472803
2873,0.812502
2874,0.340759
2875,0.454914
2876,0.811858
2877,0.099254
2878,0.150763
2879,0.800041
2880,0.340759
2881,-0.016860
2882,0.249572
2883,0.455108
2884,0.782777
2885,0.812534
2886,0.812534
2887,0.338149
2888,0.616075
2889,0.570534
2890,0.331904
2891,0.812534
2892,0.335841
2893,0.812534
2894,0.037518
2895,0.812534
2896,0.812534
2897,0.794013
2898,0.454916
2899,0.342316
2900,-0.016761
2901,0.812532
2902,0.812521
2903,0.812531
2904,0.812534
2905,0.354548
2906,0.812534
2907,0.454916
2908,0.808465
2909,0.099355
2910,0.015192
2911,0.010711
2912,0.454889
2913,0.454916
2914,0.340919
2915,0.340765
2916,0.026228
2917,0.812502
2918,0.196437
2919,0.340851
2920,0.812435
2921,0.202923
2922,0.812534
2923,0.455290
2924,0.099253
2925,0.812534
2926,-0.013462
2927,0.812456
2928,0.340865
2929,0.100404
2930,0.810374
2931,0.812534
2932,-0.017034
2933,0.015953
2934,0.340734
2935,0.341122
2936,0.812533
2937,0.490269
2938,0.812534
2939,0.332510
2940,0.812534
2941,0.792613
2942,0.447638
2943,0.340745
2944,0.340492
2945,-0.011749
2946,0.812534
2947,-0.016860
2948,0.812400
2949,0.086165
2950,0.442452
2951,0.101709
2952,0.341032
2953,0.454915
2954,-0.016861
2955,0.340838
2956,0.812533
2957,0.100571
2958,0.340663
2959,0.653518
2960,0.340784
2961,0.812534
2962,0.506493
2963,0.436584
2964,0.812118
2965,0.455965
2966,0.812534
2967,0.812532
2968,0.812534
2969,0.807619
2970,0.812420
2971,0.454931
2972,0.461826
2973,0.780865
2974,-0.016800
2975,0.812534
2976,0.454917
2977,0.340887
2978,0.463374
2979,0.340568
2980,0.454915
2981,0.511757
2982,-0.016860
2983,0.812473
2984,0.099258
2985,0.099422
2986,0.811708
2987,0.355531
2988,0.099272
2989,-0.016848
2990,0.203420
2991,0.812534
2992,0.234280
2993,0.810151
2994,0.812534
2995,-0.016834
2996,0.517133
2997,0.100190
2998,0.303262
2999,0.812534
3000,0.812505
3001,-0.016854
3002,0.452870
3003,-0.016860
3004,0.812516
3005,0.804308
3006,0.812533
3007,0.453699
3008,0.333690
3009,0.340385
3010,0.810814
3011,0.731534
3012,0.810656
3013,0.812534
3014,0.336759
3015,0.807829
3016,-0.016746
3017,0.178727
3018,0.343041
3019,0.100813
3020,0.528079
3021,0.223410
3022,0.812534
3023,0.812443
3024,0.384092
3025,0.811894
3026,0.805059
3027,0.340764
3028,0.454900
3029,0.445174
3030,0.812534
3031,0.454915
3032,0.467238
3033,0.812510
3034,0.812520
3035,0.340759
3036,0.475295
3037,-0.016840
3038,-0.014662
3039,0.352367
3040,0.812534
3041,0.812441
3042,0.812534
3043,0.812534
3044,0.788480
3045,0.499459
3046,0.340759
3047,-0.007120
3048,0.340549
3049,0.340759
3050,0.811645
3051,0.812534
3052,0.812534
3053,0.803707
3054,0.812534
3055,0.340760
3056,0.810676
3057,0.493749
3058,0.340637
3059,0.065323
3060,0.812533
3061,-0.013275
3062,-0.016721
3063,0.454917
3064,0.809170
3065,0.352406
3066,0.455781
3067,0.132860
3068,0.812530
3069,0.811228
3070,0.454925
3071,0.812494
3072,0.779078
3073,0.121088
3074,-0.011704
3075,0.812534
3076,0.099257
3077,0.099253
3078,0.468599
3079,0.812534
3080,0.676542
3081,0.812525
3082,0.812534
3083,0.035526
3084,0.454916
3085,0.812534
3086,0.174565
3087,-0.016842
3088,-0.016198
3089,0.812534
3090,0.807034
3091,0.340693
3092,0.812534
3093,0.810613
3094,0.812532
3095,0.771117
3096,0.812534
3097,0.093286
3098,0.800019
3099,0.035616
3100,0.812534
3101,0.456473
3102,0.733569
3103,0.812534
3104,0.454747
3105,0.812534
3106,0.335093
3107,-0.016855
3108,0.455224
3109,0.812512
3110,0.454907
3111,0.812533
3112,0.811937
3113,0.340759
3114,-0.016793
3115,-0.016691
3116,0.450739
3117,0.812534
3118,0.812534
3119,0.763715
3120,0.482439
3121,0.340760
3122,0.433994
3123,0.340739
3124,0.812529
3125,0.812534
3126,0.812516
3127,0.811684
3128,0.626573
3129,0.812534
3130,0.812534
3131,-0.019202
3132,0.811184
3133,0.802198
3134,0.812533
3135,-0.016615
3136,0.030835
3137,0.812496
3138,0.088572
3139,0.099436
3140,0.203256
3141,0.812534
3142,0.812534
3143,0.812176
3144,0.146020
3145,0.454915
3146,0.812530
3147,0.090725
3148,0.265917
3149,0.729567
3150,0.812516
3151,0.455847
3152,-0.015237
3153,0.811352
3154,0.262910
3155,0.221169
3156,0.806658
3157,0.812420
3158,0.454915
3159,0.099253
3160,0.341167
3161,0.812534
3162,0.063320
3163,0.812521
3164,0.341722
3165,0.154797
3166,-0.014256
3167,0.812534
3168,0.812534
3169,0.809172
3170,0.454974
3171,0.811911
3172,0.812534
3173,-0.016563
3174,0.810935
3175,0.442037
3176,0.812533
3177,-0.016853
3178,0.098519
3179,0.812534
3180,0.812200
3181,0.570920
3182,0.772693
3183,0.451544
3184,0.340774
3185,0.800530
3186,0.810957
3187,0.436998
3188,0.269043
3189,0.808196
3190,0.812534
3191,0.241314
3192,0.811012
3193,0.811639
3194,0.812499
3195,0.454915
3196,0.812534
3197,0.812534
3198,0.339464
3199,0.318303
3200,-0.002529
3201,0.340759
3202,0.812479
3203,0.454915
3204,0.466644
3205,-0.016327
3206,0.569097
3207,0.812534
3208,0.812534
3209,0.340759
3210,0.298530
3211,0.496401
3212,0.812534
3213,0.454915
3214,0.319580
3215,-0.003414
3216,0.454915
3217,0.424518
3218,0.340758
3219,0.797584
3220,0.812212
3221,0.812534
3222,0.808080
3223,0.672818
3224,0.812533
3225,0.812534
3226,0.811905
3227,0.314674
3228,0.171998
3229,0.812534
3230,0.812534
3231,0.809781
3232,0.456402
3233,0.812518
3234,0.812518
3235,-0.014140
3236,0.301924
3237,0.380817
3238,0.812531
3239,0.810756
3240,0.812534
3241,0.811860
3242,0.783789
3243,0.468338
3244,0.812534
3245,0.099829
3246,-0.016559
3247,0.340747
3248,0.454915
3249,0.812482
3250,0.641406
3251,0.810868
3252,-0.008003
3253,0.507783
3254,0.265206
3255,0.783412
3256,0.454921
3257,0.452364
3258,0.099242
3259,0.812534
3260,0.339805
3261,0.812208
3262,0.340759
3263,0.812534
3264,0.804551
3265,0.095889
3266,0.812534
3267,0.812520
3268,-0.015436
3269,0.431963
3270,0.340759
3271,0.812534
3272,0.459495
3273,-0.016283
3274,0.331434
3275,0.812534
3276,0.341035
3277,0.455204
3278,0.812461
3279,0.812532
3280,0.337704
3281,0.454917
3282,0.756243
3283,-0.016810
3284,0.013263
3285,0.812534
3286,0.812489
3287,0.205200
3288,-0.016857
3289,0.812511
3290,0.795003
3291,-0.016289
3292,0.002251
3293,0.812255
3294,0.455091
3295,-0.015640
3296,0.340760
3297,0.812534
3298,0.340729
3299,0.448482
3300,0.546142
3301,-0.016859
3302,0.099317
3303,0.340702
3304,0.742062
3305,-0.005340
3306,0.672969
3307,0.112294
3308,0.099254
3309,0.341050
3310,0.686326
3311,0.812519
3312,0.812533
3313,0.367489
3314,0.812534
3315,0.100579
3316,0.341293
3317,0.356852
3318,-0.016860
3319,0.812504
3320,0.099331
3321,0.812533
3322,0.812381
3323,0.340759
3324,0.810827
3325,0.342717
3326,0.812150
3327,0.455055
3328,-0.010723
3329,0.762873
3330,-0.011231
3331,0.812534
3332,0.812534
3333,0.812534
3334,0.749947
3335,-0.016541
3336,0.812502
3337,-0.016860
3338,0.451580
3339,0.812394
3340,0.812534
3341,0.812518
3342,-0.016856
3343,0.812412
3344,-0.016850
3345,0.798058
3346,0.340559
3347,0.812524
3348,0.455076
3349,-0.014842
3350,0.456672
3351,0.812279
3352,0.812520
3353,0.792926
3354,0.367313
3355,0.791911
3356,-0.238518
3357,0.812348
3358,0.812442
3359,0.789423
3360,0.456940
3361,0.454915
3362,-0.255491
3363,0.810952
3364,0.812415
3365,0.812483
3366,0.356340
3367,0.624148
3368,0.812534
3369,0.812534
3370,0.812526
3371,0.793937
3372,0.812534
3373,0.810733
3374,0.454913
3375,0.380402
3376,0.452313
3377,0.812525
3378,0.098583
3379,0.812534
3380,-0.006269
3381,0.340759
3382,0.459458
3383,0.340645
3384,0.812534
3385,0.457298
3386,0.812534
3387,0.093110
3388,0.801933
3389,0.095463
3390,0.340759
3391,0.099629
3392,0.454915
3393,0.759376
3394,0.258573
3395,0.152357
3396,0.099559
3397,0.812534
3398,0.326165
3399,0.812239
3400,0.812510
3401,0.468364
3402,-0.016828
3403,0.343962
3404,0.454818
3405,0.812528
3406,0.812534
3407,0.812534
3408,-0.016860
3409,0.809957
3410,0.527922
3411,0.802931
3412,0.454919
3413,0.465348
3414,0.340857
3415,0.516662
3416,-0.016858
3417,0.707798
3418,0.812533
3419,-0.016860
3420,0.812534
3421,0.099381
3422,0.340773
3423,0.458128
3424,-0.015533
3425,0.453857
3426,0.422495
3427,0.812497
3428,0.812529
3429,0.812534
3430,0.812534
3431,0.200197
3432,0.454893
3433,0.202072
3434,-0.010160
3435,-0.016739
3436,-0.032978
3437,0.812443
3438,0.812534
3439,0.503865
3440,0.812421
3441,0.454915
3442,0.810164
3443,0.454913
3444,0.454591
3445,0.792572
3446,0.812044
3447,0.812534
3448,0.811686
3449,0.786148
3450,0.812534
3451,-0.016860
3452,-0.016624
3453,0.426702
3454,0.230145
3455,0.806747
3456,0.812534
3457,0.812534
3458,-0.016066
3459,0.812439
3460,0.812534
3461,0.810841
3462,0.809717
3463,-0.009761
3464,0.105879
3465,0.811500
3466,0.110357
3467,0.454915
3468,0.001198
3469,0.812534
3470,0.804812
3471,0.812534
3472,0.812534
3473,0.340759
3474,0.082814
3475,0.807177
3476,0.141561
3477,0.812533
3478,0.811884
3479,0.456869
3480,-0.009748
3481,0.810337
3482,0.340757
3483,0.454818
3484,0.454915
3485,0.260682
3486,0.812532
3487,0.812534
3488,0.457179
3489,0.125465
3490,0.335477
3491,0.455380
3492,0.812534
3493,0.812533
3494,0.355028
3495,0.454915
3496,0.340677
3497,0.454915
3498,0.032623
3499,-0.015162
3500,0.066471
3501,0.340760
3502,0.731380
3503,0.467252
3504,0.455780
3505,0.812532
3506,0.812530
3507,0.763399
3508,0.120363
3509,0.787632
3510,-0.010557
3511,0.340894
3512,0.812534
3513,-0.016855
3514,0.785666
3515,-0.016856
3516,0.812534
3517,-0.016837
3518,0.454915
3519,0.604330
3520,-0.014139
3521,-0.015727
3522,0.811586
3523,0.812534
3524,0.812534
3525,0.095550
3526,0.812534
3527,0.812489
3528,0.812534
3529,-0.020161
3530,0.812533
3531,0.812399
3532,0.812534
3533,0.454915
3534,0.812534
3535,0.812534
3536,0.800765
3537,-0.011441
3538,0.812513
3539,0.114556
3540,0.812534
3541,0.811584
3542,0.350854
3543,0.812534
3544,-0.013699
3545,0.099282
3546,0.642523
3547,0.478952
3548,0.812534
3549,0.738685
3550,0.812387
3551,0.099614
3552,0.340762
3553,0.341428
3554,0.716122
3555,0.812430
3556,0.731758
3557,0.340619
3558,-0.015007
3559,0.808976
3560,0.454373
3561,0.352867
3562,-0.016837
3563,0.812534
3564,0.440037
3565,0.759785
3566,0.801360
3567,0.393343
3568,-0.016860
3569,0.454914
3570,0.454915
3571,-0.016860
3572,0.497555
3573,-0.016667
3574,0.454916
3575,0.455981
3576,0.720840
3577,0.812534
3578,0.340882
3579,-0.014091
3580,0.787162
3581,-0.016848
3582,0.809072
3583,0.338477
3584,0.812501
3585,0.812534
3586,0.812525
3587,0.345966
3588,0.812534
3589,0.806431
3590,0.812534
3591,0.455310
3592,0.812534
3593,0.812534
3594,0.724959
3595,0.812534
3596,0.342598
3597,0.340071
3598,0.812503
3599,-0.016823
3600,0.800962
3601,0.812534
3602,0.642331
3603,-0.013634
3604,0.516893
3605,-0.016860
3606,0.019124
3607,0.812442
3608,0.707913
3609,0.788778
3610,0.340759
3611,0.784246
3612,0.812510
3613,0.454915
3614,0.099337
3615,0.812534
3616,0.099357
3617,0.147129
3618,0.454915
3619,0.571031
3620,0.775343
3621,0.571200
3622,-0.016857
3623,0.812519
3624,0.340760
3625,0.454915
3626,0.099253
3627,0.812534
3628,0.812534
3629,0.340660
3630,0.340758
3631,0.767621
3632,0.203871
3633,0.812534
3634,0.811985
3635,0.385475
3636,0.812534
3637,0.806917
3638,-0.017370
3639,-0.016658
3640,0.812534
3641,0.493061
3642,0.812303
3643,0.453536
3644,0.454914
3645,0.055640
3646,0.812261
3647,-0.015676
3648,0.454909
3649,0.455493
3650,0.812534
3651,0.454900
3652,0.793736
3653,0.455393
3654,0.340756
3655,0.812534
3656,0.340759
3657,0.454915
3658,0.769169
3659,0.340759
3660,0.340755
3661,0.369105
3662,0.336038
3663,0.100336
3664,0.571028
3665,0.454925
3666,0.787750
3667,0.341403
3668,0.812533
3669,0.812534
3670,0.811676
3671,0.734353
3672,0.340787
3673,0.794196
3674,0.090252
3675,0.622165
3676,-0.084171
3677,0.812522
3678,0.812525
3679,0.340759
3680,0.012645
3681,0.248855
3682,0.454285
3683,0.233584
3684,0.754340
3685,0.319699
3686,0.099516
3687,0.812533
3688,0.340757
3689,0.648695
3690,0.456131
3691,0.812534
3692,0.524035
3693,0.812533
3694,0.812534
3695,-0.016818
3696,0.812534
3697,0.812534
3698,-0.016543
3699,0.780691
3700,-0.016860
3701,0.807524
3702,0.812528
3703,0.812393
3704,0.812487
3705,0.454914
3706,0.026003
3707,0.812534
3708,0.330583
3709,0.344753
3710,0.292523
3711,0.018650
3712,0.311900
3713,0.267510
3714,0.812534
3715,0.454646
3716,0.812532
3717,-0.007855
3718,-0.016781
3719,0.454862
3720,0.812533
3721,0.727629
3722,0.812355
3723,0.812534
3724,0.345418
3725,0.790356
3726,0.812447
3727,-0.016844
3728,0.340807
3729,0.812534
3730,0.565129
3731,-0.016860
3732,0.812433
3733,0.812208
3734,0.361176
3735,0.812533
3736,0.812534
3737,0.340759
3738,0.335604
3739,0.812373
3740,0.252929
3741,0.812534
3742,0.772155
3743,0.091607
3744,0.343169
3745,0.340758
3746,0.805081
3747,0.726136
3748,0.812533
3749,-0.016850
3750,0.812419
3751,0.114364
